img,title,console,genre,publisher,developer,critic_score,total_sales,na_sales,jp_sales,pal_sales,other_sales,release_date,last_update
/games/boxart/full_5563178AmericaFrontccc.jpg,Grand Theft Auto V,PS4,Action,Rockstar Games,Rockstar North,97.0,19.39,6.06,0.6,9.71,3.02,2014-11-18,2018-01-03
/games/boxart/full_4990510AmericaFrontccc.jpg,Call of Duty: Black Ops 3,PS4,Shooter,Activision,Treyarch,81.0,15.09,6.18,0.41,6.05,2.44,2015-11-06,2018-01-14
/games/boxart/full_4653215AmericaFrontccc.jpg,Red Dead Redemption 2,PS4,Action-Adventure,Rockstar Games,Rockstar Games,98.0,13.94,5.26,0.21,6.21,2.26,2018-10-26,2018-11-02
/games/boxart/full_1977964AmericaFrontccc.jpg,Call of Duty: Black Ops II,X360,Shooter,Activision,Treyarch,84.0,13.86,8.27,0.07,4.32,1.2,2012-11-13,2018-04-07
/games/boxart/full_4649679AmericaFrontccc.png,Call of Duty: Black Ops II,PS3,Shooter,Activision,Treyarch,80.0,13.8,4.99,0.65,5.88,2.28,2012-11-13,2018-04-07
/games/boxart/full_4380292AmericaFrontccc.jpg,Call of Duty: WWII,PS4,Shooter,Activision,Sledgehammer Games,81.0,13.4,4.67,0.4,6.21,2.12,2017-11-03,2017-12-31
/games/boxart/full_5257064AmericaFrontccc.jpg,FIFA 18,PS4,Sports,EA Sports,EA Vancouver,83.0,11.8,1.27,0.15,8.64,1.73,2017-09-29,2018-04-02
/games/boxart/full_7661370AmericaFrontccc.jpg,FIFA 17,PS4,Sports,Electronic Arts,EA Canada,89.0,10.94,1.26,0.12,7.95,1.61,2016-09-27,2018-03-28
/games/boxart/full_8522439AmericaFrontccc.jpg,Call of Duty: Ghosts,X360,Shooter,Activision,Infinity Ward,69.0,10.41,6.76,0.04,2.64,0.98,2013-11-05,2018-03-21
/games/boxart/full_3698558AmericaFrontccc.jpg,Call of Duty: Ghosts,PS3,Shooter,Activision,Infinity Ward,75.0,10.13,4.11,0.39,4.01,1.62,2013-11-05,2018-03-21
/games/boxart/full_halo-reach_6AmericaFront.jpg,Halo: Reach,X360,Shooter,Microsoft Game Studios,Bungie,93.0,9.97,7.08,0.08,2.01,0.8,2010-09-14,2018-10-11
/games/boxart/full_the-elder-scrolls-v-skyrim_554AmericaFront.jpg,The Elder Scrolls V: Skyrim,X360,Role-Playing,Bethesda Softworks,Bethesda Game Studios,93.0,8.88,5.1,0.1,2.83,0.85,2011-11-11,2018-04-01
/games/boxart/full_8047513AmericaFrontccc.jpg,Grand Theft Auto V,XOne,Action,Rockstar Games,Rockstar North,90.0,8.72,4.7,0.01,3.25,0.76,2014-11-18,2018-04-11
/games/boxart/full_5706058AmericaFrontccc.jpg,Call of Duty: Infinite Warfare,PS4,Shooter,Activision,Infinity Ward,79.0,8.48,3.11,0.19,3.83,1.36,2016-11-04,2018-01-14
/games/boxart/full_2507140AmericaFrontccc.jpg,Fallout 4,PS4,Role-Playing,Bethesda Softworks,Bethesda Game Studios,86.0,8.48,2.91,0.27,3.97,1.34,2015-11-10,2018-03-24
/games/boxart/full_862315AmericaFrontccc.jpg,FIFA 16,PS4,Sports,EA Sports,EA Canada,85.0,8.22,1.15,0.07,5.77,1.23,2015-09-22,2018-04-01
/games/boxart/full_4873252AmericaFrontccc.jpg,Star Wars Battlefront (2015),PS4,Shooter,Electronic Arts,EA DICE,71.0,8.03,3.31,0.23,3.19,1.3,2015-11-17,2018-03-24
/games/boxart/full_514368AmericaFrontccc.jpg,Call of Duty: Advanced Warfare,PS4,Shooter,Activision,Sledgehammer Games,85.0,7.53,2.84,0.14,3.34,1.22,2014-11-04,2018-01-04
/games/boxart/full_9032449AmericaFrontccc.png,Battlefield 1,PS4,Shooter,Electronic Arts,EA DICE,91.0,7.26,2.2,0.29,3.65,1.12,2016-10-21,2018-03-24
/games/boxart/full_7776699AmericaFrontccc.jpeg,Assassin's Creed III,PS3,Action-Adventure,Ubisoft,Ubisoft Montreal,88.0,6.5,2.65,0.16,2.61,1.08,2012-10-30,2018-04-12
/games/boxart/full_the-elder-scrolls-v-skyrim_425AmericaFront.jpg,The Elder Scrolls V: Skyrim,PS3,Role-Playing,Bethesda Softworks,Bethesda Game Studios,90.0,6.49,2.57,0.25,2.68,0.99,2011-11-11,2018-04-01
/games/boxart/full_6776646AmericaFrontccc.jpg,Minecraft,PS4,Misc,Sony Computer Entertainment,Mojang,94.0,6.33,1.89,0.35,3.13,0.96,2014-10-07,2018-09-14
/games/boxart/full_189344AmericaFrontccc.jpg,FIFA 15,PS4,Sports,EA Sports,EA Canada,81.0,6.32,0.83,0.05,4.49,0.94,2014-09-23,2018-03-23
/games/boxart/full_5252150AmericaFrontccc.jpg,Assassin's Creed II,PS3,Action,Ubisoft,Ubisoft Montreal,90.0,5.57,2.54,0.21,1.95,0.86,2009-11-17,2018-01-03
/games/boxart/full_6401955AmericaFrontccc.jpg,Call of Duty: Advanced Warfare,XOne,Shooter,Activision,Sledgehammer Games,83.0,5.22,3.25,0.01,1.49,0.48,2014-11-04,2018-01-01
/games/boxart/full_601699AmericaFrontccc.png,Battlefield 1,XOne,Shooter,Electronic Arts,EA DICE,93.0,5.13,3.37,0.02,1.26,0.48,2016-10-21,2018-03-24
/games/boxart/full_1882754JapanFrontccc.jpg,Final Fantasy XV,PS4,Role-Playing,Square Enix,Square Enix,81.0,5.07,1.81,1.05,1.53,0.68,2016-11-29,2018-05-04
/games/boxart/full_4876777AmericaFrontccc.jpg,Fallout 4,XOne,Role-Playing,Bethesda Softworks,Bethesda Game Studios,84.0,5.03,2.94,0.02,1.62,0.45,2015-11-10,2018-03-24
/games/boxart/full_2431298AmericaFrontccc.jpg,FIFA 15,PS3,Sports,EA Sports,EA Canada,69.0,4.56,0.59,0.04,3.25,0.68,2014-09-23,2018-03-23
/games/boxart/full_8847041AmericaFrontccc.jpg,Overwatch,PS4,Shooter,Blizzard Entertainment,Blizzard Entertainment,88.0,4.54,1.84,0.17,1.8,0.73,2016-05-24,2018-03-24
/games/boxart/full_4034633AmericaFrontccc.jpg,Call of Duty: Advanced Warfare,X360,Shooter,Activision,High Moon Studios,91.0,4.34,2.81,0.0,1.13,0.41,2014-11-04,2018-01-04
/games/boxart/full_4650769AmericaFrontccc.jpg,Call of Duty: Advanced Warfare,PS3,Shooter,Activision,High Moon Studios,91.0,4.27,1.59,0.2,1.81,0.67,2014-11-04,2018-01-04
/games/boxart/full_9732403AmericaFrontccc.jpg,Call of Duty: Ghosts,PS4,Shooter,Activision,Infinity Ward,75.0,4.17,1.79,0.05,1.64,0.69,2013-11-15,2018-03-21
/games/boxart/full_8451662AmericaFrontccc.jpg,Star Wars Battlefront (2015),XOne,Shooter,Electronic Arts,EA DICE,69.0,4.15,2.49,0.02,1.26,0.38,2015-11-17,2018-03-24
/games/boxart/full_2497280AmericaFrontccc.jpg,Batman: Arkham Knight,PS4,Action,Warner Bros. Interactive,Rocksteady Studios,81.0,4.11,1.65,0.11,1.68,0.66,2015-06-23,2018-01-04
/games/boxart/full_914135AmericaFrontccc.jpg,Far Cry 4,PS4,Shooter,Ubisoft,Ubisoft Montreal,84.0,4.06,1.18,0.11,2.14,0.63,2014-11-18,2018-01-23
/games/boxart/full_6414423AmericaFrontccc.jpg,NBA 2K16,PS4,Sports,2K Sports,Visual Concepts,87.0,3.98,2.56,0.05,0.66,0.71,2015-09-29,2018-03-28
/games/boxart/full_2414906AmericaFrontccc.jpg,Far Cry 5,PS4,Action,Ubisoft,Ubisoft,79.0,3.95,1.44,0.15,1.73,0.62,2018-03-27,2018-02-28
/games/boxart/full_8649362AmericaFrontccc.jpg,Battlefield 4,PS4,Shooter,Electronic Arts,EA DICE,83.0,3.94,1.4,0.19,1.74,0.62,2013-11-15,2018-01-09
/games/boxart/full_270231AmericaFrontccc.jpg,Assassin's Creed IV: Black Flag,PS3,Action-Adventure,Ubisoft,Ubisoft Montreal,87.0,3.94,1.34,0.13,1.86,0.62,2013-10-29,2018-03-14
/games/boxart/full_5853156AmericaFrontccc.jpg,Battlefield 4,PS3,Shooter,Electronic Arts,EA DICE,87.0,3.64,1.31,0.27,1.5,0.55,2013-10-29,2018-01-04
/games/boxart/full_7518379AmericaFrontccc.jpg,Assassin's Creed Syndicate,PS4,Action,Ubisoft,Ubisoft Quebec,86.0,3.6,0.9,0.08,2.06,0.55,2015-10-23,2018-05-04
/games/boxart/full_162643AmericaFrontccc.jpg,Battlefield 4,X360,Shooter,Electronic Arts,EA DICE,87.0,3.54,2.16,0.02,1.05,0.32,2013-10-29,2018-01-04
/games/boxart/full_1333599AmericaFrontccc.jpg,NBA 2K17,PS4,Sports,2K Sports,Visual Concepts,90.0,3.52,2.28,0.03,0.59,0.63,2016-09-16,2018-03-28
/games/boxart/full_1508066AmericaFrontccc.jpg,Halo: The Master Chief Collection,XOne,Shooter,Microsoft Studios,343 Industries,88.0,3.44,2.06,0.03,1.04,0.31,2014-11-11,2018-03-24
/games/boxart/full_7599322AmericaFrontccc.jpg,The Elder Scrolls V: Skyrim Special Edition,PS4,Role-Playing,Bethesda Softworks,Bethesda Softworks,83.0,3.36,1.24,0.08,1.5,0.54,2016-10-28,2018-04-01
/games/boxart/full_4496262AmericaFrontccc.jpg,Assassin's Creed IV: Black Flag,X360,Action-Adventure,Ubisoft,Ubisoft Montreal,85.0,3.34,1.9,0.01,1.14,0.3,2013-10-29,2018-03-22
/games/boxart/full_2457781AmericaFrontccc.jpg,NBA 2K18,PS4,Sports,2K Sports,Visual Concepts,81.0,3.34,2.13,0.04,0.57,0.59,2017-09-19,2018-04-02
/games/boxart/full_4303408AmericaFrontccc.jpg,Assassin's Creed IV: Black Flag,PS4,Action-Adventure,Ubisoft,Ubisoft Montreal,83.0,3.19,1.07,0.06,1.55,0.51,2013-11-15,2018-03-14
/games/boxart/full_1336415AmericaFrontccc.jpg,Assassin's Creed Odyssey,PS4,Action-Adventure,Ubisoft,Ubisoft Quebec,95.0,3.18,1.18,0.09,1.4,0.51,2018-10-05,2018-11-17
/games/boxart/full_6335056AmericaFrontccc.jpg,Tom Clancy's Ghost Recon Wildlands,PS4,Shooter,Ubisoft,Ubisoft Paris,70.0,3.12,1.07,0.22,1.35,0.47,2017-03-07,2018-04-01
/games/boxart/full_3710885AmericaFrontccc.jpg,NBA 2K13,X360,Sports,2K Sports,Visual Concepts,86.0,3.11,2.62,0.01,0.21,0.28,2012-10-02,2018-01-04
/games/boxart/full_2141889AmericaFrontccc.jpg,Saints Row 2,X360,Action,THQ,Volition Inc.,79.0,3.07,1.98,0.02,0.79,0.28,2008-10-14,2018-04-02
/games/boxart/full_9483980AmericaFrontccc.jpg,Mafia III,PS4,Action-Adventure,2K Games,Hangar 13,69.0,2.87,0.72,0.04,1.67,0.44,2016-10-07,2018-04-02
/games/boxart/full_7001861AmericaFrontccc.jpg,Need for Speed: Most Wanted (2012),PS3,Racing,Electronic Arts,Criterion Games,85.0,2.74,0.71,0.06,1.52,0.45,2012-10-30,2018-12-19
/games/boxart/full_7928945AmericaFrontccc.jpg,Far Cry: Primal,PS4,Action-Adventure,Ubisoft,Ubisoft Montreal,72.0,2.73,0.63,0.07,1.61,0.41,2016-02-23,2018-04-03
/games/boxart/full_3739493AmericaFrontccc.jpg,Need for Speed (2015),PS4,Racing,Electronic Arts,Ghost Games,70.0,2.72,0.59,0.06,1.66,0.41,2015-11-03,2018-04-03
/games/boxart/full_9644271AmericaFrontccc.jpg,NBA 2K13,PS3,Sports,2K Sports,Visual Concepts,89.0,2.63,1.74,0.05,0.46,0.39,2012-10-02,2018-01-04
/games/boxart/full_9186411AmericaFrontccc.jpg,LittleBigPlanet,PSP,Platform,Sony Computer Entertainment,SCEE Cambridge,88.0,2.61,0.65,0.01,1.27,0.68,2009-11-17,2018-12-03
/games/boxart/full_5792466AmericaFrontccc.jpg,FIFA 16,PS3,Sports,EA Sports,EA Canada,90.0,2.55,0.43,0.05,1.68,0.38,2015-09-22,2018-04-01
/games/boxart/full_7814840AmericaFrontccc.jpg,Tomb Raider (2013),PS3,Action,Square Enix,Crystal Dynamics,89.0,2.51,0.6,0.08,1.45,0.38,2013-03-05,2018-01-06
/games/boxart/full_6722413AmericaFrontccc.jpg,Kinect: Disneyland Adventures,X360,Action-Adventure,Microsoft Studios,Frontier Developments,85.0,2.41,1.73,0.02,0.43,0.23,2011-11-15,2018-09-29
/games/boxart/full_5737361AmericaFrontccc.jpg,Dragon Age: Inquisition,PS4,Role-Playing,Electronic Arts,BioWare Edmonton,86.0,2.34,1.07,0.08,0.8,0.38,2014-11-18,2019-01-05
/games/boxart/full_8736251AmericaFrontccc.jpg,No Man's Sky,PS4,Action-Adventure,Hello Games,Hello Games,68.0,2.26,0.89,0.04,0.97,0.37,2016-08-09,2018-04-04
/games/boxart/full_6891468AmericaFrontccc.jpg,Need for Speed: Payback,PS4,Racing,Electronic Arts,Ghost Games,58.0,2.18,0.62,0.04,1.18,0.34,2017-11-10,2018-04-04
/games/boxart/full_3596609AmericaFrontccc.jpg,Dragon Quest XI: Echoes of an Elusive Age,PS4,Role-Playing,Square Enix,Square Enix,95.0,2.04,0.29,1.43,0.22,0.1,2018-09-04,2018-09-11
/games/boxart/full_dance-central-2_712AmericaFront.jpg,Dance Central 2,X360,Music,Microsoft,Harmonix Music Systems,86.0,2.04,1.45,0.01,0.41,0.16,2011-10-25,2018-08-10
/games/boxart/full_1113491AmericaFrontccc.jpg,Just Cause 3,PS4,Action-Adventure,Square Enix,Avalanche Studios,75.0,1.98,0.53,0.09,1.07,0.3,2015-12-01,2018-04-04
/games/boxart/4651741ccc.jpg,The Legend of Zelda: Oracle of Ages,GBC,Adventure,Nintendo,Flagship,94.0,1.92,0.92,0.41,0.53,0.06,2001-05-13,2018-01-06
/games/boxart/full_6890376AmericaFrontccc.jpg,Tomb Raider (2013),X360,Action,Square Enix,Crystal Dynamics,85.0,1.9,0.86,0.01,0.87,0.16,2013-03-05,2018-01-06
/games/boxart/full_8777882AmericaFrontccc.jpg,Minecraft,NS,Sandbox,Mojang,4J Studios,92.0,1.89,0.69,0.52,0.56,0.12,2018-06-21,2019-01-26
/games/boxart/full_2363163AmericaFrontccc.jpg,The Legend of Zelda: Oracle of Seasons,GBC,Adventure,Nintendo,Flagship,93.0,1.86,0.87,0.41,0.52,0.06,2001-05-13,2018-01-06
/games/boxart/full_308626AmericaFrontccc.jpg,The Evil Within,PS4,Action,Bethesda Softworks,Tango Gameworks,77.0,1.86,0.56,0.11,0.9,0.28,2014-10-14,2018-03-13
/games/boxart/full_631964AmericaFrontccc.jpg,Forza Horizon 4,XOne,Racing,Microsoft Studios,Playground Games,92.0,1.84,0.74,0.01,0.95,0.15,2018-10-02,2018-10-01
/games/boxart/full_9962375AmericaFrontccc.jpg,BioShock Infinite,PS3,Shooter,2K Games,Irrational Games,95.0,1.82,0.74,0.04,0.74,0.3,2013-03-26,2018-01-09
/games/boxart/full_1841380AmericaFrontccc.png,Titanfall 2,PS4,Shooter,Electronic Arts,Respawn Entertainment,89.0,1.72,0.75,0.06,0.62,0.28,2016-10-28,2018-06-29
/games/boxart/full_8358488AmericaFrontccc.jpg,Call of Duty Black Ops: Declassified,PSV,Shooter,Activision,Nihilistic,32.0,1.71,0.74,0.07,0.52,0.38,2012-11-13,2018-09-24
/games/boxart/full_7672549AmericaFrontccc.jpg,Far Cry 4,XOne,Shooter,Ubisoft,Ubisoft Montreal,85.0,1.68,0.85,0.02,0.68,0.14,2014-11-18,2018-01-23
/games/boxart/full_5633056AmericaFrontccc.jpg,Saints Row 2,PS3,Action,THQ,Volition Inc.,79.0,1.68,0.88,0.02,0.54,0.24,2008-10-14,2018-04-02
/games/boxart/full_7449241AmericaFrontccc.jpg,Army of Two,X360,Shooter,Electronic Arts,EA Montreal,67.0,1.64,1.09,0.02,0.37,0.16,2008-03-07,2018-02-03
/games/boxart/full_2046408AmericaFrontccc.jpg,Ape Escape,PS,Platform,Sony Computer Entertainment,SCE Japan Studio,93.0,1.63,0.71,0.32,0.48,0.11,1999-05-31,2018-09-16
/games/boxart/full_8089384AmericaFrontccc.png,The Order: 1886,PS4,Shooter,Sony Computer Entertainment,Ready at Dawn,62.0,1.62,0.44,0.07,0.86,0.25,2015-02-20,2018-01-02
/games/boxart/full_9784025AmericaFrontccc.jpg,Need for Speed: Most Wanted (2012),X360,Racing,Electronic Arts,Criterion Games,85.0,1.54,0.62,0.01,0.79,0.12,2012-10-30,2018-12-19
/games/boxart/full_9390152AmericaFrontccc.jpg,Forza Motorsport 7,XOne,Racing,Microsoft Studios,Turn 10 Studios,89.0,1.52,0.58,0.01,0.81,0.12,2017-10-03,2018-01-12
/games/boxart/full_6977688AmericaFrontccc.jpg,Metal Gear Rising: Revengeance,PS3,Action,Konami Digital Entertainment,PlatinumGames,90.0,1.5,0.47,0.44,0.41,0.18,2013-02-19,2018-01-12
/games/boxart/full_3850570AmericaFrontccc.png,Minecraft,WiiU,Misc,Mojang,4J Studios,55.0,1.47,0.5,0.38,0.49,0.09,2016-06-17,2018-08-05
/games/boxart/full_2824502AmericaFrontccc.jpg,Wolfenstein II: The New Colossus,PS4,Shooter,Bethesda Softworks,MachineGames,90.0,1.36,0.55,0.01,0.58,0.22,2017-10-27,2018-05-10
/games/boxart/full_1517894AmericaFrontccc.jpg,Fallout 76,PS4,Role-Playing,Bethesda Softworks,Bethesda Game Studios,51.0,1.32,0.52,0.1,0.49,0.2,2018-11-14,2018-12-02
/games/boxart/full_6724026AmericaFrontccc.jpg,The Last Guardian,PS4,Action-Adventure,Sony Interactive Entertainment,SIE Japan Studio,79.0,1.29,0.4,0.13,0.58,0.19,2016-12-06,2018-04-04
/games/boxart/full_wwe-12_98AmericaFront.jpg,WWE '12,X360,Fighting,THQ,"Yuke's Co., Ltd.",75.0,1.27,0.74,0.0,0.4,0.12,2011-11-22,2019-01-29
/games/boxart/full_8353820AmericaFrontccc.jpg,Metal Gear Solid V: Ground Zeroes,PS4,Action-Adventure,Konami Digital Entertainment,Kojima Productions,76.0,1.2,0.36,0.17,0.5,0.17,2014-03-18,2018-03-22
/games/boxart/full_4942791AmericaFrontccc.jpg,Shadow of the Colossus,PS4,Action-Adventure,Sony Interactive Entertainment,Bluepoint Games,93.0,1.2,0.44,0.05,0.52,0.19,2018-02-06,2018-11-26
/games/boxart/full_4412075AmericaFrontccc.jpg,WWE '12,PS3,Fighting,THQ,"Yuke's Co., Ltd.",90.0,1.18,0.53,0.02,0.45,0.17,2011-11-22,2019-01-29
/games/boxart/8108434ccc.jpg,Army of Two,PS3,Shooter,Electronic Arts,EA Montreal,74.0,1.17,0.74,0.02,0.26,0.15,2008-03-07,2018-02-03
/games/boxart/full_9393461AmericaFrontccc.jpg,Mirror's Edge,X360,Platform,Electronic Arts,EA Digital Illusions CE,76.0,1.16,0.51,0.01,0.51,0.12,2008-11-11,2019-03-25
/games/boxart/full_7798502AmericaFrontccc.png,Sunset Overdrive,XOne,Action,Microsoft Studios,Insomniac Games,80.0,1.16,0.64,0.0,0.42,0.1,2014-10-28,2018-01-06
/games/boxart/full_8154944AmericaFrontccc.png,The Elder Scrolls V: Skyrim,NS,Role-Playing,Bethesda Softworks,Bethesda Softworks,86.0,1.15,0.67,0.06,0.32,0.1,2017-11-17,2018-01-01
/games/boxart/full_5236311AmericaFrontccc.jpg,Dragon Quest VIII: Journey of the Cursed King,3DS,Role-Playing,Nintendo,Level 5 / Armor Project,88.0,1.15,0.14,0.88,0.11,0.02,2017-01-20,2018-01-07
/games/boxart/full_6214041PALFrontccc.jpg,Plants vs Zombies: Garden Warfare,X360,Shooter,Electronic Arts,PopCap Games,80.0,1.13,0.54,0.0,0.5,0.09,2014-02-25,2018-02-05
/games/boxart/full_3564523AmericaFrontccc.jpg,Mirror's Edge,PS3,Platform,Electronic Arts,EA Digital Illusions CE,77.0,1.13,0.31,0.02,0.59,0.21,2008-11-11,2019-03-25
/games/boxart/full_2803387AmericaFrontccc.jpg,Need for Speed: Most Wanted (2012),PSV,Racing,Electronic Arts,Criterion Games,74.0,1.12,0.33,0.01,0.53,0.25,2012-10-30,2018-12-19
/games/boxart/full_9892340AmericaFrontccc.jpg,Crash Bandicoot N. Sane Trilogy,NS,Platform,Activision,Toys for Bob,60.0,1.11,0.44,0.02,0.57,0.09,2018-06-29,2018-11-07
/games/boxart/full_3285439AmericaFrontccc.jpg,FIFA 18,NS,Sports,EA Sports,EA Vancouver,58.0,1.1,0.35,0.13,0.55,0.07,2017-09-29,2018-04-02
/games/boxart/full_2467036AmericaFrontccc.jpg,Pro Evolution Soccer 2014,PS3,Sports,Konami Digital Entertainment,Konami,83.0,1.08,0.03,0.51,0.46,0.08,2013-09-24,2018-03-01
/games/boxart/full_4522149AmericaFrontccc.jpg,Rocksmith 2014,PS3,Music,Ubisoft,Ubisoft San Francisco,91.0,1.05,0.56,0.05,0.26,0.17,2013-10-22,2018-03-08
/games/boxart/full_4756084AmericaFrontccc.jpg,Sleeping Dogs,PS3,Action-Adventure,Square Enix,United Front Games,81.0,1.04,0.31,0.05,0.5,0.17,2012-08-14,2018-03-07
/games/boxart/full_7813119AmericaFrontccc.jpg,F1 2012,PS3,Racing,Codemasters,Codemasters Birmingham,79.0,1.01,0.12,0.05,0.65,0.18,2012-09-18,2018-03-08
/games/boxart/full_6902662AmericaFrontccc.jpg,Tom Clancy's Splinter Cell: Blacklist,X360,Action-Adventure,Ubisoft,Ubisoft Toronto,84.0,1.0,0.57,0.01,0.33,0.09,2013-08-20,2018-03-08
/games/boxart/full_1352437AmericaFrontccc.jpg,Rocksmith 2014,X360,Music,Ubisoft,Ubisoft San Francisco,84.0,0.99,0.73,0.0,0.16,0.1,2013-10-22,2018-03-08
/games/boxart/full_496902AmericaFrontccc.jpg,Tom Clancy's Splinter Cell: Blacklist,PS3,Action-Adventure,Ubisoft,Ubisoft Toronto,83.0,0.98,0.34,0.06,0.44,0.15,2013-08-20,2018-03-08
/games/boxart/full_9238516AmericaFrontccc.jpg,Sniper Elite V2,PS3,Shooter,505 Games,Rebellion Developments,74.0,0.98,0.38,0.06,0.4,0.15,2012-05-02,2018-03-13
/games/boxart/full_9151149AmericaFrontccc.jpg,Fire Emblem: The Blazing Blade,GBA,Strategy,Nintendo,Intelligent Systems,88.0,0.97,0.49,0.29,0.18,0.01,2003-11-03,2021-07-23
/games/boxart/full_1294257AmericaFrontccc.png,Harvest Moon 3D: A New Beginning,3DS,Simulation,Natsume,Marvelous,82.0,0.95,0.41,0.31,0.18,0.06,2012-11-06,2018-01-07
/games/boxart/full_44113PALFrontccc.jpg,Killzone: Mercenary,PSV,Misc,Sony Computer Entertainment America,Guerrilla Games,74.0,0.92,0.2,0.04,0.47,0.2,2013-09-10,2018-01-03
/games/boxart/full_7273661AmericaFrontccc.png,Crysis 3,X360,Shooter,Electronic Arts,Crytek,76.0,0.92,0.51,0.01,0.32,0.08,2013-02-19,2018-02-07
/games/boxart/full_3546011AmericaFrontccc.png,Crysis 3,PS3,Shooter,Electronic Arts,Crytek,82.0,0.91,0.26,0.03,0.48,0.14,2013-02-19,2018-03-13
/games/boxart/full_9865324AmericaFrontccc.png,Final Fantasy X / X-2 HD Remaster,PS4,Role-Playing,Square Enix,Square Enix,93.0,0.9,0.34,0.07,0.36,0.14,2015-05-12,2019-03-22
/games/boxart/full_4917983AmericaFrontccc.jpg,Ni no Kuni II: Revenant Kingdom,PS4,Role-Playing,Namco Bandai Games,Level 5,87.0,0.89,0.33,0.12,0.31,0.13,2018-03-23,2018-02-28
/games/boxart/full_769134AmericaFrontccc.png,Mario Party: Star Rush,3DS,Party,Nintendo,"Nd Cube Co., Ltd.",62.0,0.87,0.25,0.2,0.37,0.05,2016-11-04,2018-11-19
/games/boxart/full_1523082AmericaFrontccc.jpg,Sleeping Dogs,X360,Action-Adventure,Square Enix,United Front Games,79.0,0.87,0.38,0.01,0.4,0.08,2012-08-14,2018-03-07
/games/boxart/full_8885459AmericaFrontccc.jpg,Paper Mario: Color Splash,WiiU,Action-Adventure,Nintendo,Intelligent Systems,74.0,0.87,0.35,0.08,0.37,0.06,2016-10-07,2018-03-31
/games/boxart/full_6805319AmericaFrontccc.jpg,Super Bomberman R,NS,Puzzle,Konami Digital Entertainment,HexaDrive,63.0,0.87,0.31,0.19,0.32,0.06,2017-03-03,2018-03-24
/games/boxart/full_967370AmericaFrontccc.jpg,Wii Fit U,WiiU,Misc,Nintendo,Nintendo,72.0,0.86,0.35,0.21,0.24,0.06,2014-01-10,2018-01-27
/games/boxart/full_2282951AmericaFrontccc.jpg,Darksiders II,PS3,Action-Adventure,THQ,Vigil Games,83.0,0.85,0.35,0.01,0.37,0.13,2012-08-14,2018-03-14
/games/boxart/full_5099160AmericaFrontccc.jpg,ZombiU,WiiU,Action,Ubisoft,Ubisoft Montpellier,69.0,0.84,0.35,0.05,0.37,0.07,2012-11-18,2020-08-02
/games/boxart/full_8120899AmericaFrontccc.jpg,Xenoblade Chronicles X,WiiU,Role-Playing,Nintendo,Monolith Soft,81.0,0.84,0.34,0.15,0.29,0.06,2015-12-04,2018-01-06
/games/boxart/full_1384212AmericaFrontccc.jpg,Sniper Elite V2,X360,Shooter,505 Games,Rebellion Developments,70.0,0.84,0.46,0.02,0.28,0.08,2012-05-01,2018-03-13
/games/boxart/full_9188519AmericaFrontccc.jpg,The Crew 2,PS4,Racing,Ubisoft,Ivory Tower,65.0,0.82,0.22,0.05,0.42,0.12,2018-06-29,2018-07-19
/games/boxart/full_1879358AmericaFrontccc.jpg,The Walking Dead: A Telltale Games Series,PS3,Adventure,Telltale Games,Telltale Games,97.0,0.82,0.4,0.03,0.25,0.14,2012-11-20,2018-05-10
/games/boxart/full_7357354AmericaFrontccc.jpg,Professor Layton vs Ace Attorney,3DS,Adventure,Nintendo,Level 5,81.0,0.82,0.2,0.3,0.27,0.04,2014-08-29,2018-01-07
/games/boxart/full_8187431AmericaFrontccc.png,Mario & Sonic at the Sochi 2014 Olympic Winter Games,WiiU,Sports,Nintendo,Sega Sports R&D,59.0,0.8,0.37,0.14,0.23,0.06,2013-11-15,2018-01-31
/games/boxart/full_967876AmericaFrontccc.jpg,Darksiders II,X360,Action-Adventure,THQ,Vigil Games,86.0,0.79,0.45,0.0,0.27,0.07,2012-08-14,2018-02-07
/games/boxart/full_4976933AmericaFrontccc.jpg,Dead Island: Riptide,X360,Misc,Deep Silver,Techland,56.0,0.79,0.44,0.01,0.27,0.07,2013-04-23,2018-03-15
/games/boxart/full_5248298PALFrontccc.png,F1 2016,PS4,Racing,Codemasters,Codemasters,80.0,0.78,0.07,0.03,0.56,0.11,2017-01-01,2018-05-14
/games/boxart/full_8695378AmericaFrontccc.jpg,Resident Evil: Revelations,PS3,Action,Capcom,Capcom,76.0,0.76,0.14,0.22,0.32,0.09,2013-05-21,2018-03-16
/games/boxart/full_1343182AmericaFrontccc.jpg,PokéPark 2: Wonders Beyond,Wii,Action-Adventure,Nintendo,Creatures Inc.,65.0,0.76,0.26,0.27,0.19,0.04,2012-02-27,2018-03-16
/games/boxart/full_3418444AmericaFrontccc.jpg,LEGO City Undercover,PS4,Platform,Warner Bros. Interactive Entertainment,TT Fusion,80.0,0.75,0.17,0.01,0.46,0.12,2017-04-04,2018-05-24
/games/boxart/full_7629243AmericaFrontccc.jpg,FIFA 19,NS,Sports,Electronic Arts,EA Sports,59.0,0.75,0.18,0.06,0.47,0.05,2018-09-28,2018-09-12
/games/boxart/full_3237893AmericaFrontccc.jpg,Sonic Forces,NS,Platform,Sega,Sonic Team,54.0,0.74,0.39,0.01,0.27,0.06,2017-11-07,2018-02-11
/games/boxart/full_5131597AmericaFrontccc.png,Monster Hunter Generations Ultimate,NS,Action,Capcom,Capcom,77.0,0.72,0.27,0.27,0.14,0.04,2018-08-28,2018-08-30
/games/boxart/full_8312624AmericaFrontccc.jpg,The LEGO Movie Videogame,PS4,Action-Adventure,Warner Bros. Interactive Entertainment,TT Fusion,60.0,0.71,0.26,0.01,0.32,0.11,2014-02-07,2018-03-20
/games/boxart/full_2637274AmericaFrontccc.jpg,Astro Bot Rescue Mission,PS4,Platform,Sony Interactive Entertainment,SIE Japan Studio,85.0,0.71,0.22,0.02,0.36,0.11,2018-10-02,2018-09-17
/games/boxart/full_catherine_112AmericaFront.jpg,Catherine,PS3,Puzzle,Atlus,Atlus,79.0,0.71,0.3,0.2,0.15,0.06,2011-07-26,2018-09-12
/games/boxart/full_1404771AmericaFrontccc.jpg,Plants vs Zombies: Garden Warfare,XOne,Shooter,Electronic Arts,PopCap Games,76.0,0.71,0.39,0.0,0.25,0.06,2014-02-25,2018-02-05
/games/boxart/full_5104199AmericaFrontccc.jpg,Monster Hunter 3 Ultimate,WiiU,Role-Playing,Capcom,Capcom,87.0,0.71,0.24,0.22,0.2,0.04,2013-03-19,2018-01-29
/games/boxart/full_8066901AmericaFrontccc.jpg,Monster Hunter Stories,3DS,Role-Playing,Capcom,Marvelous,81.0,0.7,0.14,0.39,0.15,0.03,2017-09-08,2018-05-23
/games/boxart/full_the-sly-collection_465AmericaFront.jpg,The Sly Collection,PS3,Platform,Sony Computer Entertainment,Sanzaru Games,87.0,0.69,0.52,0.01,0.08,0.08,2010-11-09,2018-04-12
/games/boxart/full_6203433AmericaFrontccc.jpg,Mario Party: The Top 100,3DS,Party,Nintendo,"Nd Cube Co., Ltd.",50.0,0.69,0.23,0.24,0.17,0.04,2017-11-10,2020-08-04
/games/boxart/full_832431PALFrontccc.jpg,Fortnite,NS,Shooter,Warner Bros. Interactive Entertainment,Epic Games,85.0,0.69,0.38,0.01,0.24,0.06,2018-11-16,2018-06-18
/games/boxart/full_2169609AmericaFrontccc.jpg,The Evil Within,XOne,Misc,Bethesda Softworks,Tango Gameworks,79.0,0.69,0.36,0.0,0.27,0.06,2014-10-14,2018-03-13
/games/boxart/full_1966900PALFrontccc.jpg,F1 2015,PS4,Racing,Codemasters,Codemasters Birmingham,59.0,0.68,0.1,0.04,0.45,0.1,2015-07-21,2018-05-23
/games/boxart/full_2181161AmericaFrontccc.jpg,Rayman Legends,WiiU,Platform,Ubisoft,Ubisoft Montpellier,95.0,0.68,0.25,0.03,0.35,0.05,2013-09-03,2019-01-02
/games/boxart/full_3447163AmericaFrontccc.jpg,Diablo III: Eternal Collection,NS,Action,Blizzard Entertainment,Blizzard Entertainment,90.0,0.67,0.38,0.01,0.22,0.06,2018-11-02,2018-09-13
/games/boxart/full_fist-of-the-north-star-kens-rage_1AmericaFront.jpg,Fist of the North Star: Ken's Rage,PS3,Action,Tecmo Koei,Tecmo Koei Games,48.0,0.66,0.06,0.55,0.03,0.01,2010-11-02,2018-07-30
/games/boxart/full_3334711AmericaFrontccc.jpg,2014 FIFA World Cup Brazil,PS3,Sports,EA Sports,EA Canada,79.0,0.66,0.15,0.01,0.4,0.1,2014-04-15,2018-03-22
/games/boxart/full_3260020AmericaFrontccc.jpg,LEGO City Undercover,NS,Platform,Warner Bros. Interactive Entertainment,TT Fusion,80.0,0.65,0.23,0.03,0.33,0.05,2017-04-04,2018-02-24
/games/boxart/full_184193AmericaFrontccc.jpg,Dead or Alive 5,PS3,Fighting,Tecmo Koei,Team Ninja,76.0,0.65,0.23,0.21,0.15,0.07,2015-02-17,2018-01-23
/games/boxart/full_6247970AmericaFrontccc.jpg,Dead Island: Riptide,PS3,Action,Deep Silver,Techland,66.0,0.64,0.26,0.07,0.21,0.1,2013-04-23,2018-03-15
/games/boxart/full_7778097AmericaFrontccc.jpg,LEGO The Incredibles,NS,Action,Warner Bros. Interactive Entertainment,Traveller's Tales,65.0,0.63,0.35,0.01,0.21,0.06,2018-06-15,2018-11-06
/games/boxart/full_6576209AmericaFrontccc.jpg,Shin Megami Tensei: Persona 3 FES,PS2,Role-Playing,Atlus,Atlus,87.0,0.63,0.22,0.16,0.2,0.05,2008-04-22,2018-01-11
/games/boxart/810696ccc.jpg,Ape Escape 2,PS2,Platform,Ubisoft,SCE Japan Studio,80.0,0.63,0.12,0.38,0.09,0.03,2003-06-30,2018-09-16
/games/boxart/full_3670653AmericaFrontccc.jpg,F1 2017,PS4,Racing,Deep Silver,Codemasters,80.0,0.62,0.04,0.02,0.47,0.09,2017-08-25,2018-05-23
/games/boxart/full_2016907AmericaFrontccc.jpg,World of Final Fantasy,PS4,Role-Playing,Square Enix,Square Enix,67.0,0.62,0.24,0.09,0.21,0.09,2016-10-25,2018-05-23
/games/boxart/full_5714934AmericaFrontccc.jpg,Final Fantasy Explorers,3DS,Role-Playing,Square Enix,Square Enix,73.0,0.59,0.17,0.29,0.1,0.03,2016-01-26,2018-01-08
/games/boxart/full_4679291AmericaFrontccc.jpg,Metal Gear Solid V: Ground Zeroes,PS3,Action-Adventure,Konami Digital Entertainment,Kojima Productions,85.0,0.59,0.13,0.28,0.13,0.05,2014-03-18,2018-03-22
/games/boxart/full_2207606AmericaFrontccc.jpg,Disney Magic World 2,3DS,Simulation,Nintendo,High Horse Entertainment,75.0,0.58,0.07,0.23,0.25,0.02,2016-10-14,2018-01-08
/games/boxart/full_4429615AmericaFrontccc.jpg,Call of Duty: Modern Warfare Remastered,PS4,Shooter,Activision,Infinity Ward,79.0,0.58,0.17,0.03,0.3,0.09,2017-06-27,2018-01-14
/games/boxart/full_1680609PALFrontccc.jpg,F1 2013,PS3,Racing,Codemasters,Codemasters Birmingham,77.0,0.58,0.01,0.03,0.47,0.08,2013-10-08,2018-05-24
/games/boxart/full_3855340AmericaFrontccc.png,LEGO Worlds,NS,Misc,Warner Bros. Interactive Entertainment,Traveller's Tales,50.0,0.58,0.21,0.0,0.33,0.04,2017-09-05,2018-02-25
/games/boxart/full_8881584AmericaFrontccc.jpg,Kirby and the Rainbow Curse,WiiU,Platform,Nintendo,HAL Laboratory,82.0,0.58,0.26,0.13,0.14,0.04,2015-02-20,2018-03-20
/games/boxart/full_86372AmericaFrontccc.jpg,Ultra Street Fighter II: The Final Challengers,NS,Fighting,Capcom,Capcom,70.0,0.57,0.22,0.09,0.22,0.04,2017-05-26,2018-01-04
/games/boxart/full_4595645AmericaFrontccc.jpg,Xenoblade Chronicles,3DS,Role-Playing,Nintendo,Monolith Soft,86.0,0.56,0.24,0.13,0.15,0.04,2015-04-10,2018-01-15
/games/boxart/full_3012AmericaFrontccc.jpg,Everybody's Golf,PS4,Sports,Sony Interactive Entertainment,Clap Hanz,81.0,0.56,0.12,0.17,0.22,0.06,2017-08-29,2018-09-23
/games/boxart/full_4258947AmericaFrontccc.jpg,Metroid: Samus Returns,3DS,Action-Adventure,Nintendo,Mercury Steam,91.0,0.56,0.3,0.07,0.15,0.05,2017-09-15,2018-09-21
/games/boxart/5971714ccc.jpg,Odin Sphere,PS2,Role-Playing,Atlus,Vanillaware,80.0,0.56,0.23,0.09,0.18,0.06,2007-05-22,2019-01-10
/games/boxart/full_6598944AmericaFrontccc.jpeg,Poochy & Yoshi's Woolly World,3DS,Platform,Nintendo,Good-Feel,75.0,0.55,0.2,0.17,0.16,0.03,2017-02-03,2018-01-07
/games/boxart/full_5199891AmericaFrontccc.jpg,Dragon Ball: Fusions,3DS,Role-Playing,Namco Bandai Games,Ganbarion,63.0,0.54,0.17,0.24,0.09,0.03,2016-11-22,2018-01-14
/games/boxart/full_4026329AmericaFrontccc.jpg,Mario Tennis Ultra Smash,WiiU,Sports,Nintendo,Camelot Software Planning,61.0,0.54,0.16,0.15,0.2,0.03,2015-11-20,2018-03-21
/games/boxart/full_624404AmericaFrontccc.jpg,ModNation Racers,PSP,Racing,Sony Computer Entertainment,SCE San Diego Studio,77.0,0.54,0.11,0.02,0.27,0.14,2010-05-25,2018-02-03
/games/boxart/full_5015237AmericaFrontccc.jpg,Sonic & Sega All-Stars Racing Transformed,WiiU,Racing,Sega,Sumo Digital,69.0,0.53,0.19,0.02,0.28,0.04,2012-11-18,2020-09-14
/games/boxart/full_3120075AmericaFrontccc.jpg,F1 2018,PS4,Racing,Codemasters,Codemasters Birmingham,89.0,0.53,0.05,0.01,0.39,0.08,2018-08-24,2018-09-26
/games/boxart/full_8428240AmericaFrontccc.jpg,Fire Emblem Warriors,NS,Action,Nintendo,Omega Force,73.0,0.51,0.22,0.1,0.14,0.04,2017-10-20,2020-08-03
/games/boxart/full_3517674AmericaFrontccc.png,Pokémon Art Academy,3DS,Misc,Nintendo,Headstrong Games,78.0,0.5,0.18,0.17,0.12,0.03,2014-10-24,2018-08-03
/games/boxart/full_3830133AmericaFrontccc.jpg,Epic Mickey: Power of Illusion,3DS,Platform,Disney Interactive Studios,DreamRift,66.0,0.5,0.36,0.04,0.05,0.04,2012-11-18,2018-01-09
/games/boxart/full_4968069AmericaFrontccc.jpg,Hometown Story,3DS,Simulation,Natsume,Toy Box,55.0,0.5,0.29,0.04,0.13,0.04,2013-10-22,2018-01-14
/games/boxart/full_3794629AmericaFrontccc.png,Animal Crossing: Amiibo Festival,WiiU,Party,Nintendo,"Nd Cube Co., Ltd.",48.0,0.49,0.23,0.1,0.12,0.04,2015-11-13,2018-02-08
/games/boxart/full_9133856AmericaFrontccc.jpg,DiRT 4,PS4,Racing,Deep Silver,Codemasters,86.0,0.49,0.1,0.02,0.3,0.07,2017-06-06,2018-11-23
/games/boxart/full_4729560AmericaFrontccc.jpg,Story of Seasons: Trio of Towns,3DS,Simulation,Marvelous Interactive,Marvelous Entertainment,79.0,0.49,0.19,0.22,0.06,0.03,2017-02-28,2018-05-29
/games/boxart/full_3139159AmericaFrontccc.jpg,Mario Golf: World Tour,3DS,Sports,Nintendo,Camelot Software Planning,81.0,0.49,0.14,0.18,0.15,0.03,2014-05-02,2018-01-09
/games/boxart/full_6517792AmericaFrontccc.jpg,Sonic Lost World,3DS,Platform,Sega,Dimps Corporation,52.0,0.48,0.22,0.07,0.15,0.04,2013-10-29,2018-04-07
/games/boxart/full_9293555AmericaFrontccc.jpg,Sonic Mania,NS,Platform,Sega,PagodaWest Games,88.0,0.47,0.23,0.01,0.18,0.04,2017-08-15,2017-12-23
/games/boxart/full_4254357AmericaFrontccc.jpg,Knack 2,PS4,Platform,Sony Interactive Entertainment,SIE Japan Studio,67.0,0.47,0.14,0.01,0.25,0.07,2017-09-05,2018-09-23
/games/boxart/full_1546473AmericaFrontccc.jpg,Detective Pikachu,3DS,Adventure,Nintendo,Creatures Inc.,71.0,0.47,0.15,0.12,0.17,0.03,2018-03-23,2018-01-12
/games/boxart/full_5589614AmericaFrontccc.jpg,Luigi's Mansion,3DS,Adventure,Nintendo,GREZZO,73.0,0.47,0.19,0.09,0.16,0.03,2018-10-12,2020-08-03
/games/boxart/full_4077511AmericaFrontccc.jpg,Mario Sports Superstars,3DS,Sports,Nintendo,Namco Bandai Games,60.0,0.46,0.18,0.13,0.12,0.03,2017-03-24,2018-01-20
/games/boxart/full_8069084AmericaFrontccc.jpg,Hyrule Warriors: Definitive Edition,NS,Action,Nintendo,Omega Force,80.0,0.46,0.21,0.07,0.15,0.03,2018-05-18,2019-12-30
/games/boxart/full_7699023PALFrontccc.jpg,Resistance: Burning Skies,PSV,Shooter,Sony Computer Entertainment,Nihilistic Software,48.0,0.44,0.18,0.02,0.16,0.08,2012-05-29,2018-01-03
/games/boxart/full_shin-megami-tensei-devil-survivor-overclocked_117AmericaFront.jpg,Shin Megami Tensei: Devil Survivor Overclocked,3DS,Role-Playing,Atlus,Career Soft,76.0,0.44,0.34,0.06,0.01,0.04,2011-08-23,2018-01-14
/games/boxart/full_8207815AmericaFrontccc.jpg,Hey! Pikmin,3DS,Platform,Nintendo,Arzest,68.0,0.44,0.17,0.17,0.08,0.03,2017-07-28,2018-02-03
/games/boxart/full_9938212AmericaFrontccc.jpg,2014 FIFA World Cup Brazil,X360,Sports,EA Sports,EA Canada,73.0,0.44,0.15,0.0,0.25,0.03,2014-04-15,2018-03-22
/games/boxart/full_5796453AmericaFrontccc.jpg,Star Fox: Zero,WiiU,Shooter,Nintendo,Nintendo EPD,67.0,0.44,0.2,0.09,0.12,0.03,2016-04-22,2018-11-18
/games/boxart/full_1832878AmericaFrontccc.jpg,NBA 2K18,NS,Sports,2K Sports,Visual Concepts,75.0,0.43,0.3,0.03,0.06,0.04,2017-09-19,2018-01-05
/games/boxart/full_9745171AmericaFrontccc.jpg,Doom (2016),NS,Shooter,Bethesda Softworks,id Software,82.0,0.43,0.24,0.01,0.15,0.04,2017-11-10,2018-01-05
/games/boxart/full_5283456AmericaFrontccc.png,Nintendo Labo: Toy-Con 03 Vehicle Kit,NS,Racing,Nintendo,Nintendo EPD,70.0,0.41,0.16,0.06,0.15,0.03,2018-09-14,2018-11-19
/games/boxart/full_9388379AmericaFrontccc.jpg,LocoRoco,PSP,Platform,Sony Computer Entertainment,SCE Japan Studio,81.0,0.39,0.14,0.16,0.05,0.03,2006-09-05,2018-09-17
/games/boxart/full_4099627AmericaFrontccc.jpg,Farming Simulator 2013,X360,Simulation,Focus Home Interactive,Giants Software,30.0,0.39,0.22,0.0,0.13,0.03,2013-11-19,2018-01-06
/games/boxart/full_7208237AmericaFrontccc.jpg,Metal Gear Solid: Snake Eater 3D,3DS,Action-Adventure,Konami Digital Entertainment,Konami Computer Entertainment Japan,79.0,0.39,0.15,0.1,0.12,0.02,2012-02-21,2018-08-05
/games/boxart/full_9401714AmericaFrontccc.jpg,Hatsune Miku: Project Mirai DX,3DS,Misc,Sega,Sega,75.0,0.38,0.2,0.11,0.04,0.03,2015-09-08,2018-05-29
/games/boxart/full_498443PALFrontccc.jpg,Wii Sports Club,WiiU,Sports,Nintendo,Nintendo,67.0,0.38,0.17,0.04,0.14,0.03,2014-07-25,2018-03-14
/games/boxart/full_6511169AmericaFrontccc.png,Burnout Paradise Remastered,PS4,Racing,Electronic Arts,Stellar Entertainment,80.0,0.37,0.08,0.01,0.22,0.06,2018-03-16,2018-02-24
/games/boxart/full_556920AmericaFrontccc.jpg,Sonic Lost World,WiiU,Platform,Sega,Sonic Team,60.0,0.37,0.2,0.01,0.13,0.03,2013-10-29,2018-04-07
/games/boxart/full_9593289AmericaFrontccc.png,Shin Megami Tensei IV: Apocalypse,3DS,Role-Playing,Atlus,Atlus,81.0,0.37,0.15,0.16,0.05,0.02,2016-09-20,2018-05-29
/games/boxart/full_890773AmericaFrontccc.jpg,LocoRoco 2,PSP,Platform,Sony Computer Entertainment,SCE Japan Studio,85.0,0.36,0.21,0.01,0.09,0.05,2009-02-10,2018-09-17
/games/boxart/full_harvest-moon-the-tale-of-two-towns_359AmericaFront.jpg,Harvest Moon: The Tale of Two Towns,3DS,Simulation,Natsume,Marvelous Interactive,63.0,0.36,0.28,0.05,0.0,0.02,2011-11-01,2018-01-07
/games/boxart/full_2615528AmericaFrontccc.jpg,The Wonderful 101,WiiU,Action,Nintendo,PlatinumGames,80.0,0.36,0.15,0.08,0.11,0.02,2013-09-15,2018-03-14
/games/boxart/full_4729465AmericaFrontccc.jpg,Nintendo Labo: Toy-Con 02 Robot Kit,NS,Action,Nintendo,Nintendo EPD,70.0,0.36,0.18,0.08,0.08,0.03,2018-04-20,2018-11-18
/games/boxart/full_5971418AmericaFrontccc.jpg,Call of Duty: Ghosts,WiiU,Shooter,Activision,Infinity Ward,88.0,0.35,0.22,0.01,0.09,0.03,2013-11-05,2018-03-21
/games/boxart/full_8533911AmericaFrontccc.jpg,Dead or Alive 5 Last Round,PS4,Fighting,Tecmo Koei,Team Ninja,71.0,0.35,0.09,0.09,0.13,0.04,2015-02-17,2018-11-20
/games/boxart/full_3131102AmericaFrontccc.jpg,Dragon Ball Z: Extreme Butoden,3DS,Fighting,Namco Bandai Games,Arc System Works,50.0,0.35,0.13,0.17,0.03,0.02,2015-10-20,2018-01-17
/games/boxart/1410926ccc.jpg,The Eye of Judgment,PS3,Strategy,Sony Computer Entertainment,SCE Japan Studio,75.0,0.34,0.28,0.02,0.0,0.03,2007-10-24,2018-09-16
/games/boxart/full_7740042AmericaFrontccc.jpg,Dead or Alive 5,X360,Fighting,Tecmo Koei,Team Ninja,76.0,0.33,0.2,0.03,0.08,0.03,2012-09-25,2018-01-23
/games/boxart/full_1348041AmericaFrontccc.jpg,Kirby: Battle Royale,3DS,Fighting,Nintendo,HAL Laboratory,60.0,0.33,0.07,0.2,0.05,0.01,2018-01-19,2018-01-03
/games/boxart/full_3302971AmericaFrontccc.jpg,Tokyo Mirage Sessions #FE,WiiU,Role-Playing,Nintendo,Atlus,80.0,0.33,0.17,0.08,0.06,0.02,2016-06-24,2020-07-23
/games/boxart/full_3797957AmericaFrontccc.jpg,Final Fantasy XI: Online,PS2,MMO,Square Enix,Square Enix,84.0,0.32,0.08,0.15,0.06,0.02,2004-09-21,2018-04-22
/games/boxart/full_5861233AmericaFrontccc.jpg,Chibi-Robo! Zip Lash,3DS,Platform,Nintendo,Nintendo,55.0,0.32,0.14,0.07,0.09,0.02,2015-10-09,2018-01-14
/games/boxart/full_7120054AmericaFrontccc.jpg,Fuel,X360,Racing,Codemasters,Asobo Studio,66.0,0.31,0.09,0.0,0.18,0.04,2009-06-02,2020-08-05
/games/boxart/full_catherine_759AmericaFront.jpg,Catherine,X360,Puzzle,Atlus,Atlus,79.0,0.31,0.2,0.03,0.06,0.02,2011-07-26,2018-09-12
/games/boxart/full_8887860AmericaFrontccc.jpg,Monopoly for Nintendo Switch,NS,Board Game,Ubisoft,Engine Software,53.0,0.3,0.06,0.01,0.22,0.02,2017-10-31,2019-01-28
/games/boxart/full_4075012PALFrontccc.jpg,F1 2013,X360,Racing,Codemasters,Codemasters Birmingham,79.0,0.3,0.01,0.0,0.28,0.02,2013-10-08,2018-05-24
/games/boxart/full_4283479AmericaFrontccc.jpg,Ever Oasis,3DS,Role-Playing,Nintendo,GREZZO,81.0,0.29,0.13,0.05,0.08,0.02,2017-06-23,2018-01-14
/games/boxart/full_1201752AmericaFrontccc.jpg,Overcooked! 2,NS,Simulation,Sold Out,Ghost Town Games,84.0,0.29,0.17,0.01,0.09,0.03,2018-08-07,2018-06-14
/games/boxart/full_8836742AmericaFrontccc.jpg,The Legend of Legacy,3DS,Role-Playing,Atlus,Cattle Call,60.0,0.29,0.14,0.11,0.02,0.02,2015-10-13,2018-05-29
/games/boxart/full_3328496AmericaFrontccc.jpg,WarioWare Gold,3DS,Misc,Nintendo,Intelligent Systems,81.0,0.28,0.11,0.13,0.03,0.01,2018-08-03,2018-11-18
/games/boxart/full_2488304AmericaFrontccc.jpg,Etrian Mystery Dungeon,3DS,Role-Playing,Atlus,Spike Chunsoft,76.0,0.28,0.11,0.14,0.01,0.01,2015-04-07,2018-07-26
/games/boxart/full_3944418AmericaFrontccc.jpg,The World Ends with You: Final Remix,NS,Role-Playing,Nintendo,Square Enix,74.0,0.27,0.14,0.03,0.08,0.02,2018-10-12,2019-03-30
/games/boxart/full_1637033AmericaFrontccc.png,Etrian Odyssey V: Beyond the Myth,3DS,Role-Playing,Atlus,Atlus,79.0,0.27,0.11,0.14,0.01,0.01,2017-10-17,2018-01-15
/games/boxart/full_245315AmericaFrontccc.jpg,Etrian Odyssey: Millennium Girl,3DS,Role-Playing,Atlus,Atlus,81.0,0.26,0.1,0.14,0.01,0.01,2013-10-01,2018-12-10
/games/boxart/full_9116862PALFrontccc.jpg,Stella Glow,3DS,Role-Playing,Atlus,imageepoch Inc.,75.0,0.26,0.17,0.06,0.01,0.02,2015-11-17,2018-05-30
/games/boxart/full_2467525AmericaFrontccc.jpg,Resident Evil: Revelations,X360,Shooter,Capcom,Capcom,74.0,0.26,0.12,0.02,0.1,0.02,2013-05-21,2018-03-16
/games/boxart/full_1568927AmericaFrontccc.jpg,Sonic Boom: Fire & Ice,3DS,Platform,Sega,Sanzaru Games,69.0,0.25,0.14,0.02,0.08,0.02,2016-09-27,2020-08-07
/games/boxart/full_7172459AmericaFrontccc.jpg,Spirit Camera: The Cursed Memoir,3DS,Action-Adventure,Nintendo,Tecmo Koei Games,57.0,0.25,0.15,0.06,0.02,0.02,2012-04-13,2018-08-30
/games/boxart/full_182104AmericaFrontccc.jpg,Game & Wario,WiiU,Party,Nintendo,Intelligent Systems,62.0,0.25,0.06,0.12,0.06,0.01,2013-06-23,2018-03-15
/games/boxart/full_1186848AmericaFrontccc.jpg,Sid Meier's Civilization VI,NS,Strategy,2K Games,Firaxis Games,94.0,0.25,0.12,0.01,0.11,0.02,2018-11-16,2018-12-19
/games/boxart/full_3855267AmericaFrontccc.jpg,Disney Epic Mickey 2: The Power of Two,WiiU,Platform,Disney Interactive Studios,Junction Point Studios,59.0,0.24,0.13,0.01,0.08,0.02,2012-11-18,2020-09-13
/games/boxart/full_3250221AmericaFrontccc.jpg,7th Dragon III Code: VFD,3DS,Role-Playing,Sega,Sega,75.0,0.24,0.06,0.13,0.04,0.01,2016-07-12,2018-04-20
/games/boxart/full_9792110AmericaFrontccc.jpg,Fuel,PS3,Racing,Codemasters,Asobo Studio,66.0,0.24,0.08,0.0,0.11,0.04,2009-06-02,2020-08-05
/games/boxart/full_9635827AmericaFrontccc.jpg,Risen 2: Dark Waters,PS3,Role-Playing,Deep Silver,Piranha Bytes,55.0,0.23,0.04,0.01,0.14,0.03,2012-07-31,2018-01-03
/games/boxart/full_5868631AmericaFrontccc.jpg,Attack on Titan 2,NS,Action,Koei Tecmo,Omega Force,70.0,0.23,0.12,0.08,0.02,0.02,2018-03-20,2018-03-30
/games/boxart/full_2679855AmericaFrontccc.png,Dragon Quest Builders: Revive Alefgard,NS,Role-Playing,Square Enix,Square Enix,80.0,0.22,0.07,0.07,0.07,0.01,2018-02-09,2018-02-04
/games/boxart/full_8558017AmericaFrontccc.jpg,Life Is Strange: Before the Storm,PS4,Adventure,Square Enix,Deck Nine,75.0,0.22,0.11,0.02,0.06,0.03,2018-03-06,2018-07-09
/games/boxart/full_9137764AmericaFrontccc.jpg,Resident Evil: Revelations,WiiU,Shooter,Capcom,Capcom,75.0,0.22,0.09,0.03,0.08,0.02,2013-05-21,2018-03-16
/games/boxart/full_3262947AmericaFrontccc.jpg,Code Name: S.T.E.A.M.,3DS,Strategy,Nintendo,Intelligent Systems,80.0,0.22,0.14,0.02,0.05,0.02,2015-03-13,2019-01-04
/games/boxart/full_5050917AmericaFrontccc.jpg,Attack on Titan 2,PS4,Action,Koei Tecmo,Omega Force,78.0,0.22,0.09,0.06,0.04,0.03,2018-03-20,2018-03-30
/games/boxart/full_7511702AmericaFrontccc.jpg,Radiant Historia: Perfect Chronology,3DS,Role-Playing,Atlus,Atlus,81.0,0.21,0.11,0.06,0.03,0.01,2018-02-13,2018-03-01
/games/boxart/full_2814932AmericaFrontccc.jpg,Fate/Extella: The Umbral Star,NS,Action,Xseed Games,Marvelous Entertainment,80.0,0.21,0.1,0.04,0.06,0.02,2017-07-25,2018-01-02
/games/boxart/full_kung-fu-rider_6AmericaFront.jpg,Kung Fu Rider,PS3,Action,Sony Computer Entertainment,SCE Japan Studio,43.0,0.2,0.06,0.01,0.1,0.04,2010-09-17,2018-09-16
/games/boxart/full_pac-man-ampamp-galaga-dimensions_81AmericaFront.jpg,Pac-Man & Galaga Dimensions,3DS,Action,Namco Bandai,Namco Bandai Games,57.0,0.19,0.1,0.04,0.04,0.01,2011-07-26,2019-01-05
/games/boxart/full_857223AmericaFrontccc.jpg,Tekken Tag Tournament 2,WiiU,Fighting,Namco Bandai Games,Bandai Namco Games,81.0,0.19,0.09,0.01,0.07,0.01,2012-11-18,2018-04-21
/games/boxart/full_5562911AmericaFrontccc.jpg,Project X Zone 2,3DS,Role-Playing,Namco Bandai Games,Monolith Soft,66.0,0.19,0.06,0.09,0.04,0.01,2016-02-16,2018-06-14
/games/boxart/full_7515439AmericaFrontccc.jpg,Valkyria Chronicles 4,NS,Strategy,Sega,Sega,86.0,0.19,0.12,0.02,0.04,0.02,2018-09-25,2018-09-11
/games/boxart/full_3344272AmericaFrontccc.jpg,Captain Toad: Treasure Tracker,3DS,Puzzle,Nintendo,Nintendo EPD,85.0,0.19,0.06,0.08,0.04,0.01,2018-07-13,2018-11-18
/games/boxart/full_3440880AmericaFrontccc.jpg,Street Fighter 30th Anniversary Collection,NS,Fighting,Capcom,Capcom,85.0,0.19,0.12,0.01,0.04,0.02,2018-05-29,2018-11-07
/games/boxart/full_585428AmericaFrontccc.jpg,Resident Evil: Revelations,PS4,Action,Capcom,Capcom,72.0,0.18,0.06,0.04,0.06,0.02,2017-08-29,2018-03-16
/games/boxart/full_8966602AmericaFrontccc.jpg,Xenoblade Chronicles 2: Torna ~ The Golden Country,NS,Role-Playing,Nintendo,Monolith Soft,75.0,0.16,0.08,0.02,0.05,0.01,2018-09-21,2018-09-26
/games/boxart/full_4006314AmericaFrontccc.jpg,Gravity Rush Remastered,PS4,Action-Adventure,Sony Computer Entertainment,Bluepoint Games,79.0,0.16,0.02,0.05,0.06,0.02,2016-02-02,2018-09-23
/games/boxart/full_2872372AmericaFrontccc.jpg,Naruto Powerful Shippuden,3DS,Action-Adventure,Namco Bandai Games,Namco Bandai Games,80.0,0.16,0.08,0.04,0.02,0.01,2013-03-05,2018-11-06
/games/boxart/full_8808791AmericaFrontccc.jpg,Castlevania: Lords of Shadow - Mirror of Fate,3DS,Action-Adventure,Konami Digital Entertainment,Mercury Steam,72.0,0.16,0.04,0.03,0.08,0.01,2013-03-05,2018-11-06
/games/boxart/full_fist-of-the-north-star-kens-rage_8AmericaFront.jpg,Fist of the North Star: Ken's Rage,X360,Action,Tecmo Koei,Tecmo Koei Games,54.0,0.16,0.07,0.06,0.02,0.01,2010-11-02,2018-07-30
/games/boxart/full_187919AmericaFrontccc.jpg,Metroid Prime: Federation Force,3DS,Action,Nintendo,Next Level Games,63.0,0.15,0.08,0.03,0.02,0.01,2016-08-19,2018-07-02
/games/boxart/full_9900131AmericaFrontccc.jpg,Gear.Club Unlimited,NS,Racing,Microids,Eden Games,61.0,0.15,0.1,0.01,0.03,0.01,2017-11-21,2018-01-07
/games/boxart/full_169570AmericaFrontccc.jpg,Rodea the Sky Soldier,WiiU,Action-Adventure,NIS America,Kadokawa Games,70.0,0.14,0.1,0.01,0.02,0.01,2015-11-10,2018-04-06
/games/boxart/full_178206AmericaFrontccc.jpg,Metal Gear Solid V: Ground Zeroes,X360,Action-Adventure,Konami Digital Entertainment,Kojima Productions,83.0,0.14,0.06,0.01,0.05,0.01,2014-03-18,2018-03-22
/games/boxart/full_7513537PALFrontccc.png,Ys VIII: Lacrimosa of Dana,NS,Role-Playing,NIS America,Nihon Falcom Corporation,85.0,0.11,0.03,0.03,0.03,0.01,2018-06-26,2018-01-11
/games/boxart/full_4315490AmericaFrontccc.jpg,Dead or Alive 5 Last Round,XOne,Fighting,Tecmo Koei,Team Ninja,75.0,0.1,0.05,0.01,0.03,0.01,2015-02-17,2018-11-20
/games/boxart/full_5263151AmericaFrontccc.jpg,NBA 2K18,PS3,Sports,2K Sports,Visual Concepts,70.0,0.09,0.06,0.01,0.01,0.01,2017-09-19,2018-04-02
/games/boxart/full_5385218AmericaFrontccc.jpg,Tank! Tank! Tank!,WiiU,Misc,Namco Bandai Games,Namco Bandai Games,47.0,0.07,0.02,0.05,0.01,0.0,2012-11-18,2018-01-18
/games/boxart/full_2326308AmericaFrontccc.jpg,Sushi Striker: The Way of Sushido,NS,Puzzle,Nintendo,Indies Zero,79.0,0.07,0.02,0.03,0.01,0.0,2018-06-08,2020-07-23
/games/boxart/full_2874583AmericaFrontccc.jpg,RPG Maker: Fes,3DS,Role-Playing,NIS America,Kadokawa Games,70.0,0.07,0.03,0.02,0.0,0.0,2017-06-27,2018-04-22
/games/boxart/full_4489495AmericaFrontccc.jpg,BlazBlue: Cross Tag Battle,NS,Fighting,Arc System Works,Arc System Works,80.0,0.07,0.04,0.01,0.01,0.01,2018-06-05,2018-06-06
/games/boxart/full_5524695AmericaFrontccc.jpg,Disgaea 1 Complete,NS,Role-Playing,NIS America,Nippon Ichi Software,80.0,0.06,0.03,0.01,0.01,0.0,2018-10-09,2019-02-19
/games/boxart/full_5198003AmericaFrontccc.jpg,GrimGrimoire,PS2,Strategy,NIS America,Vanillaware,77.0,0.05,0.01,0.03,0.01,0.0,2007-06-26,2019-01-10
/games/boxart/full_8777680PALFrontccc.png,Tenkai Knights: Brave Battle,3DS,Action,Namco Bandai Games,Delta Factory,45.0,0.02,0.01,0.0,0.01,0.0,2014-10-07,2019-01-24
